<?xml version="1.0"?>
<board name="default">
  <set name="Train Station">
    <neighbors>
      <neighbor name="Jail" />
      <neighbor name="General Store" />
      <neighbor name="office" />
    </neighbors>
    <area x="21" y="69" h="115" w="205" />
    <takes>
      <take number="3"><area x="36" y="11" h="47" w="47" /></take>
      <take number="2"><area x="89" y="11" h="47" w="47" /></take>
      <take number="1"><area x="141" y="11" h="47" w="47" /></take>
    </takes>
    <parts>
      <part name="Crusty Prospector" level="1">
        <area x="114" y="227" h="46" w="46" />
        <line>Aww, peaches!</line>
      </part>
      <part name="Dragged by Train" level="1">
        <area x="51" y="268" h="46" w="46" />
        <line>Omgeezers!</line>
      </part>
      <part name="Preacher with Bag" level="2">
        <area x="114" y="320" h="46" w="46" />
        <line>The Lord will provide.</line>
      </part>
      <part name="Cyrus the Gunfighter" level="4">
        <area x="49" y="356" h="46" w="46" />
        <line>Git to fightin' or git away!</line>
      </part>
    </parts>
  </set>
  <set name="Secret Hideout">
    <neighbors>
      <neighbor name="Church" />
      <neighbor name="Ranch" />
      <neighbor name="office" />
    </neighbors>
    <area x="27" y="732" h="115" w="205" />
    <takes>
      <take number="3"><area x="244" y="764" h="47" w="47" /></take>
      <take number="2"><area x="299" y="764" h="47" w="47" /></take>
      <take number="1"><area x="354" y="764" h="47" w="47" /></take>
    </takes>
    <parts>
      <part name="Clumsy Pit Fighter" level="1">
        <area x="435" y="719" h="46" w="46" />
        <line>Hit me!</line>
      </part>
      <part name="Thug with Knife" level="2">
        <area x="521" y="719" h="46" w="46" />
        <line>Meet Suzy, my murderin' knife.</line>
      </part>
      <part name="Dangerous Tom" level="3">
        <area x="435" y="808" h="46" w="46" />
        <line>There's two ways we can do this....</line>
      </part>
      <part name="Penny, who is lost" level="4">
        <area x="521" y="808" h="46" w="46" />
        <line>Oh, wow! for I am lost!</line>
      </part>
    </parts>
  </set>
  <set name="Church">
    <neighbors>
      <neighbor name="Secret Hideout" />
      <neighbor name="Bank" />
      <neighbor name="Hotel" />
    </neighbors>
    <area x="623" y="734" h="115" w="205" />
    <takes>
      <take number="2"><area x="623" y="675" h="47" w="47" /></take>
      <take number="1"><area x="682" y="675" h="47" w="47" /></take>
    </takes>
    <parts>
      <part name="Dead Man" level="1">
        <area x="857" y="730" h="46" w="46" />
        <line>....</line>
      </part>
      <part name="Crying Woman" level="2">
        <area x="858" y="809" h="46" w="46" />
        <line>Oh, the humanity!</line>
      </part>
    </parts>
  </set>
  <set name="Hotel">
    <neighbors>
      <neighbor name="trailer" />
      <neighbor name="Bank" />
      <neighbor name="Church" />
    </neighbors>
    <area x="969" y="740" h="115" w="205" />
    <takes>
      <take number="3"><area x="1005" y="683" h="47" w="47" /></take>
      <take number="2"><area x="1058" y="683" h="47" w="47" /></take>
      <take number="1"><area x="1111" y="683" h="47" w="47" /></take>
    </takes>
    <parts>
      <part name="Sleeping Drunkard" level="1">
        <area x="1111" y="469" h="46" w="46" />
        <line>Zzzzzzz...Whiskey!</line>
      </part>
      <part name="Faro Player" level="1">
        <area x="1044" y="509" h="46" w="46" />
        <line>Hit me!</line>
      </part>
      <part name="Falls from Balcony" level="2">
        <area x="1111" y="557" h="46" w="46" />
        <line>Arrrgghh!</line>
      </part>
      <part name="Australian Bartender" level="3">
        <area x="1046" y="596" h="46" w="46" />
        <line>What'll it be, mate?</line>
      </part>
    </parts>
  </set>
  <set name="Main Street">
    <neighbors>
      <neighbor name="trailer" />
      <neighbor name="Jail" />
      <neighbor name="Saloon" />
    </neighbors>
    <area x="969" y="28" h="115" w="205" />
    <takes>
      <take number="3"><area x="912" y="23" h="47" w="47" /></take>
      <take number="2"><area x="858" y="23" h="47" w="47" /></take>
      <take number="1"><area x="804" y="23" h="47" w="47" /></take>
    </takes>
    <parts>
      <part name="Railroad Worker" level="1">
        <area x="637" y="22" h="46" w="46" />
        <line>Hit me!</line>
      </part>
      <part name="Falls off Roof" level="2">
        <area x="720" y="22" h="46" w="46" />
        <line>Aaaaiiiigggghh!</line>
      </part>
      <part name="Woman in Black Dress" level="2">
        <area x="637" y="105" h="46" w="46" />
        <line>Well, I'll be!</line>
      </part>
      <part name="Mayor McGinty" level="4">
        <area x="720" y="105" h="46" w="46" />
        <line>People of Deadwood!</line>
      </part>
    </parts>
  </set>
  <set name="Jail">
    <neighbors>
      <neighbor name="Main Street" />
      <neighbor name="General Store" />
      <neighbor name="Train Station" />
    </neighbors>
    <area x="281" y="27" h="115" w="205" />
    <takes>
      <take number="1"><area x="442" y="156" h="47" w="47" /></take>
    </takes>
    <parts>
      <part name="Prisoner In Cell" level="2">
        <area x="519" y="25" h="46" w="46" />
        <line>Zzzzzzz...Whiskey!</line>
      </part>
      <part name="Feller in Irons" level="3">
        <area x="519" y="105" h="46" w="46" />
        <line>Ah kilt the wrong man!</line>
      </part>
    </parts>
  </set>
  <set name="General Store">
    <neighbors>
      <neighbor name="Ranch" />
      <neighbor name="Train Station" />
      <neighbor name="Jail" />
      <neighbor name="Saloon" />
    </neighbors>
    <area x="370" y="282" h="115" w="205" />
    <takes>
      <take number="2"><area x="313" y="277" h="47" w="47" /></take>
      <take number="1"><area x="313" y="330" h="47" w="47" /></take>
    </takes>
    <parts>
      <part name="Man in Overalls" level="1">
        <area x="236" y="276" h="46" w="46" />
        <line>Looks like a storm's comin' in.</line>
      </part>
      <part name="Mister Keach" level="3">
        <area x="236" y="358" h="46" w="46" />
        <line>Howdy, stranger.</line>
      </part>
    </parts>
  </set>
  <set name="Ranch">
    <neighbors>
      <neighbor name="office" />
      <neighbor name="General Store" />
      <neighbor name="Secret Hideout" />
      <neighbor name="Bank" />
    </neighbors>
    <area x="252" y="478" h="115" w="205" />
    <takes>
      <take number="2"><area x="472" y="473" h="47" w="47" /></take>
      <take number="1"><area x="525" y="473" h="47" w="47" /></take>
    </takes>
    <parts>
      <part name="Shot in Leg (Extra)" level="1">
        <area x="412" y="608" h="46" w="46" />
        <line>Ow! Me Leg!</line>
      </part>
      <part name="Saucy Fred" level="2">
        <area x="488" y="608" h="46" w="46" />
        <line>That's what she said.</line>
      </part>
      <part name="Man Under Horse" level="3">
        <area x="488" y="525" h="46" w="46" />
        <line>A little help here!</line>
      </part>
    </parts>
  </set>
  <set name="Bank">
    <neighbors>
      <neighbor name="Saloon" />
      <neighbor name="Church" />
      <neighbor name="Ranch" />
      <neighbor name="Hotel" />
    </neighbors>
    <area x="623" y="475" h="115" w="205" />
    <takes>
      <take number="1"><area x="840" y="549" h="47" w="47" /></take>
    </takes>
    <parts>
      <part name="Suspicious Gentleman" level="2">
        <area x="911" y="554" h="46" w="46" />
        <line>Can you be more specific?</line>
      </part>
      <part name="Flustered Teller" level="3">
        <area x="911" y="470" h="46" w="46" />
        <line>Would you like a large bill, sir?</line>
      </part>
    </parts>
  </set>
  <set name="Saloon">
    <neighbors>
      <neighbor name="Main Street" />
      <neighbor name="General Store" />
      <neighbor name="Bank" />
      <neighbor name="trailer" />
    </neighbors>
    <area x="632" y="280" h="115" w="205" />
    <takes>
      <take number="2"><area x="626" y="216" h="47" w="47" /></take>
      <take number="1"><area x="679" y="216" h="47" w="47" /></take>
    </takes>
    <parts>
      <part name="Reluctant Farmer" level="1">
        <area x="877" y="352" h="46" w="46" />
        <line>I ain't so sure about that!</line>
      </part>
      <part name="Woman in Red Dress" level="2">
        <area x="877" y="276" h="46" w="46" />
        <line>Come up and see me!</line>
      </part>
    </parts>
  </set>
  <trailer>
    <neighbors>
      <neighbor name="Main Street" />
      <neighbor name="Saloon" />
      <neighbor name="Hotel" />
    </neighbors>
    <area x="991" y="248" h="194" w="201" />
  </trailer>
  <office>
    <neighbors>
      <neighbor name="Train Station" />
      <neighbor name="Ranch" />
      <neighbor name="Secret Hideout" />
    </neighbors>
    <area x="9" y="459" h="208" w="209" />
    <upgrades>
      <upgrade level="2" currency="dollar" amt="4" >
        <area x="98" y="542" h="19" w="19" />
      </upgrade>
      <upgrade level="3" currency="dollar" amt="10">
        <area x="98" y="564" h="19" w="19" />
      </upgrade>
      <upgrade level="4" currency="dollar" amt="18">
        <area x="98" y="587" h="19" w="19" />
      </upgrade>
      <upgrade level="5" currency="dollar" amt="28">
        <area x="98" y="609" h="19" w="19" />
      </upgrade>
      <upgrade level="6" currency="dollar" amt="40">
        <area x="98" y="631" h="19" w="19" />
      </upgrade>
      <upgrade level="2" currency="credit" amt="5" >
        <area x="147" y="542" h="19" w="19" />
      </upgrade>
      <upgrade level="3" currency="credit" amt="10">
        <area x="147" y="564" h="19" w="19" />
      </upgrade>
      <upgrade level="4" currency="credit" amt="15">
        <area x="147" y="587" h="19" w="19" />
      </upgrade>
      <upgrade level="5" currency="credit" amt="20">
        <area x="147" y="609" h="19" w="19" />
      </upgrade>
      <upgrade level="6" currency="credit" amt="25">
        <area x="147" y="631" h="19" w="19" />
      </upgrade>
    </upgrades>
  </office>
</board>
